time,temp,press,hum
2019-10-13 08:48,26.7941422802,1007.34291872,50.1667860534
